<?xml version="1.0" encoding="UTF-8"?>
<project-private xmlns="http://www.netbeans.org/ns/project-private/1">
    <editor-bookmarks xmlns="http://www.netbeans.org/ns/editor-bookmarks/2" lastBookmarkId="0"/>
    <open-files xmlns="http://www.netbeans.org/ns/projectui-open-files/2">
        <group>
            <file>file:/Users/antonsumartono/NetBeansProjects/Sistem-Akademik-Java-Swing-master/src/UAS02832/FrmMenuUtama.java</file>
            <file>file:/Users/antonsumartono/NetBeansProjects/Sistem-Akademik-Java-Swing-master/src/UAS02832/FrmTranskip.java</file>
            <file>file:/Users/antonsumartono/NetBeansProjects/Sistem-Akademik-Java-Swing-master/src/UAS02832/FrmDosen.java</file>
        </group>
    </open-files>
</project-private>
